product_id,title,product_type,vendor,inventory,admin_url,why_unresolved,owner_decision
8989139533995,Main Squeeze Toy Cleaner Spray 4 fl. oz.,Toy Cleaner,Doc Johnson,54,https://admin.shopify.com/store/xdipx/products/8989139533995,"Toy cleaner spray: ma-1-4 is not what a cleaner is and no toy-cleaner leaf exists; existing hb-3 left in place pending an owner decision, consistent with batches 022, 098, 103, 108.",Personal Care (hb-3 or a leaf under it). Applied 2026-09-30.
8969974612139,Cult Ultra Shine Latex & Rubber Clothing Shine Spray 8.5 oz,,Pjur,57,https://admin.shopify.com/store/xdipx/products/8969974612139,"pjur CULT Ultra Shine is a silicone shine and care spray for latex and rubber garments, not clothing and not a lubricant; no taxonomy leaf fits cleanly.",Leave as is.
8936394358955,Simply Cleene Antibacterial Toy Cleaner Spray 4 oz,Toy Cleaner,Wicked,12,https://admin.shopify.com/store/xdipx/products/8936394358955,"Sex toy cleaner has no fitting taxonomy leaf; Household Disinfectants is a household surface cleaner category. Consistent with every other toy cleaner in this sweep (batches 008, 022, 098, 103, 108, 130).",Personal Care (hb-3 or a leaf under it). Applied 2026-09-30.
8935730839723,Wicked Cleene Antibacterial Toy Cleaner Spray 4 oz,Toy Cleaner,Wicked,8,https://admin.shopify.com/store/xdipx/products/8935730839723,"Sex toy cleaner has no fitting taxonomy leaf; Household Disinfectants is a household surface cleaner category. Consistent with every other toy cleaner in this sweep (batches 008, 022, 098, 103, 108, 130).",Personal Care (hb-3 or a leaf under it). Applied 2026-09-30.
8909464862891,Sex au Naturel Orgasm Glow Herbal Libido Supplement 60 Capsules,Supplement / Pill,Bijoux Indiscrets,151,https://admin.shopify.com/store/xdipx/products/8909464862891,"Herbal libido blend (ashwagandha, damiana, tribulus, L-arginine, zinc) with no vitamins; Multivitamin Supplements (hb-1-9-6-7) is factually wrong and the Herbal Supplements parent has only unrelated leaves (flower essence, kratom).",Personal Care (hb-3 or a leaf under it). Applied 2026-09-30.
8904995766443,pjur TOY CLEAN Toy Cleaning Spray 3.4 oz,Toy Cleaner,Pjur,36,https://admin.shopify.com/store/xdipx/products/8904995766443,"Sex toy cleaning spray has no clean taxonomy leaf; existing hb-3 is a broad parent, and other batches put toy cleaners in ma-1-4, hg-10-6-11-10 (Household Disinfectants) or hg-10-6-11-1 (All-Purpose Cleaners). Needs one owner decision applied to all toy cleaners.",Personal Care (hb-3 or a leaf under it). Applied 2026-09-30.
8897370030251,Pjur TOY FOAM Toy Cleaner Foam 5 oz.,Toy Cleaner,Pjur,4,https://admin.shopify.com/store/xdipx/products/8897370030251,Sex toy cleaner foam; no taxonomy leaf for toy-care products and Sex Toys & Erotic Games is not what it physically is.,Personal Care (hb-3 or a leaf under it). Applied 2026-09-30.
8886811721899,Swiss Navy Yummy Cummy Gummy Supplement 60ct,Supplement / Pill,Swiss Navy,34,https://admin.shopify.com/store/xdipx/products/8886811721899,Sexual-wellness gummy supplement with no ingredient data; Multivitamin Supplements is a guess at the formulation and no supplement leaf is supported by the data.,Personal Care (hb-3 or a leaf under it). Applied 2026-09-30.
8886807199915,Prowler RED Slut Socks One-Size,Hosiery,Prowler RED,258,https://admin.shopify.com/store/xdipx/products/8886807199915,"Socks, but no data on sock height; crew vs ankle leaf would be a guess (the same Prowler RED line ships both).",Leave as is.
8886806839467,Pjur Cult Latex and Rubber Dressing Aid 3.4 oz,Lubricant,Pjur,193,https://admin.shopify.com/store/xdipx/products/8886806839467,"Pjur Cult is a silicone dressing aid for putting on latex/rubber garments, not a personal lubricant; no taxonomy leaf fits cleanly.",Leave as is.
8886797467819,Foam 'n Fresh Anti-Bacterial Foaming Toy Cleaner 8 oz.,Toy Cleaner,Wicked,23,https://admin.shopify.com/store/xdipx/products/8886797467819,Toy cleaner has no fitting taxonomy leaf; ma-1-4 (sex toys) is a guess for a cleaning product and conflicts with the toy-cleaner precedent in batches 008/022/098/103/108/130.,Personal Care (hb-3 or a leaf under it). Applied 2026-09-30.
8886262333611,Aneros Soaker Toy Cleaner and Soak Solution,Toy Cleaner,Aneros,49,https://admin.shopify.com/store/xdipx/products/8886262333611,"No toy-cleaner leaf exists; All-Purpose Cleaners (household surfaces) is a guess. Existing hb-3 kept pending owner decision, consistent with toy-cleaner verdicts in batches 008/017/022/098/103/108/130.",Personal Care (hb-3 or a leaf under it). Applied 2026-09-30.
8774054609067,Triple X Natural Testosterone Booster Capsules 45-Count,Discontinued,Swiss Navy,7,https://admin.shopify.com/store/xdipx/products/8774054609067,"Testosterone-booster capsules (Testofen/fenugreek). Classifier chose Multivitamin Supplements, which this product is not; the herbal-supplement parent hb-1-9-6-5 has no fitting leaf (only Flower Essence and Kratom).",Personal Care (hb-3 or a leaf under it). Applied 2026-09-30.
8774019252395,La Nua Foaming Toy Cleaner 4oz,Toy Cleaner,La Nua,21,https://admin.shopify.com/store/xdipx/products/8774019252395,"Toy cleaner: no taxonomy leaf for sex toy cleaners. Existing category hb-3 is a broad parent and moving it to Sex Toys & Erotic Games is a judgment call, consistent with other toy cleaners routed to review in this sweep.",Personal Care (hb-3 or a leaf under it). Applied 2026-09-30.
8773969838251,"WEED: Smoke It, Eat It, Grow It, Love It Cannabis Guide",Erotic Books,Hachette,19,https://admin.shopify.com/store/xdipx/products/8773969838251,"Existing category ma-1-6 Erotic Books is wrong: this is a cannabis culture/growing guide with no erotic content. The accurate leaf is me-1-3 Media > Books > Print Books, but moving an adult-store listing out of Mature is a catalog-policy call, so not auto-applied.",Leave as is.
8773879857323,"The Hips On The Drag Queen Go Swish, Swish, Swish Picture Book",Erotic Books,Hachette,23,https://admin.shopify.com/store/xdipx/products/8773879857323,"Existing category Erotic Books looks wrong: data describes a children's nursery-rhyme picture book for readers of all ages, not erotic content.",Leave as is.
8773843878059,Swiss Navy Toy & Body Foaming Cleaner Spray 2oz,Toy Cleaner,Swiss Navy,1,https://admin.shopify.com/store/xdipx/products/8773843878059,"Toy and body cleaner spray; no Standard Taxonomy leaf for sex-toy cleaners was found, and ma-1-4 (sex toys) is not what this product is.",Personal Care (hb-3 or a leaf under it). Applied 2026-09-30.
8773813928107,Military Cap Black and Red 59cm Large,Apparel,Prowler RED,1,https://admin.shopify.com/store/xdipx/products/8773813928107,"Flat Caps (aa-2-17-8) misdescribes a Prowler RED military-style cap, and no hat leaf fits a military/peaked cap; existing aa-1 (Clothing) is also wrong for a hat.",Leave as is.
8773806325931,Swiss Navy Toy and Body Cleaner Foaming Spray 8oz,Toy Cleaner,Swiss Navy,0,https://admin.shopify.com/store/xdipx/products/8773806325931,"Toy and body cleaner spray is not a sex toy, so ma-1-4 is wrong; taxonomy has no toy-cleaner leaf and existing hb-3 is a broad parent.",Personal Care (hb-3 or a leaf under it). Applied 2026-09-30.
8773801377963,Swiss Navy Toy And Body Cleaner Spray 6oz,Toy Cleaner,Swiss Navy,0,https://admin.shopify.com/store/xdipx/products/8773801377963,"Toy and body cleaner spray: no toy-cleaner leaf exists and ma-1-4 is not what this product is; existing hb-3 kept pending an owner decision, consistent with toy-cleaner verdicts in earlier batches.",Personal Care (hb-3 or a leaf under it). Applied 2026-09-30.
8773800132779,UV Sterilizer Pouch Travel-Size Sanitizing Bag,Toy Cleaner,b-Vibe,17,https://admin.shopify.com/store/xdipx/products/8773800132779,"UV sterilizer pouch for sex toys: no toy-cleaner leaf exists and ma-1-4 is not what this product is; existing hb-3 kept pending an owner decision, consistent with toy-cleaner verdicts in earlier batches.",Personal Care (hb-3 or a leaf under it). Applied 2026-09-30.
8773751111851,Toy Cleaner Spray With Tea Tree Oil 4oz,Toy Cleaner,Intimate Earth,84,https://admin.shopify.com/store/xdipx/products/8773751111851,"Toy cleaner spray: no taxonomy leaf for sex toy cleaners; Sex Toys & Erotic Games is not what this product physically is, and existing hb-3 is a broad parent.",Personal Care (hb-3 or a leaf under it). Applied 2026-09-30.
8773749276843,Spanish Fly Blue Raspberry Arousal Enhancement Drops 1oz,Supplement / Pill,Doc Johnson,50,https://admin.shopify.com/store/xdipx/products/8773749276843,"Herbal arousal drops (yohimbe, Fo-Ti, horny goat weed), not a lubricant; the herbal supplement parent has no fitting leaf.",Personal Care (hb-3 or a leaf under it). Applied 2026-09-30.
8773648908459,Think Clean Thoughts Anti-Bacterial Toy Cleaner Spray 4.2oz,Toy Cleaner,Sensuva,14,https://admin.shopify.com/store/xdipx/products/8773648908459,"Sex toy cleaner spray: no taxonomy leaf for toy cleaners and ma-1-4 is not what it physically is; existing hb-3 kept pending one owner decision, consistent with toy-cleaner verdicts in batches 008/017/022/103/130.",Personal Care (hb-3 or a leaf under it). Applied 2026-09-30.
8773571707051,Spritz Antibacterial Toy Cleaner Spray 3.3oz,Toy Cleaner,Me You Us,409,https://admin.shopify.com/store/xdipx/products/8773571707051,Toy cleaner spray is not a sex toy; ma-1-4 is a guess and no toy-cleaner leaf exists.,Personal Care (hb-3 or a leaf under it). Applied 2026-09-30.
8759954112683,Climax For Her Daily Enhancement Supplement 60-Count,Discontinued,Swiss Navy,83,https://admin.shopify.com/store/xdipx/products/8759954112683,Herbal female libido capsules (Swiss Navy Climax For Her). Multivitamin Supplements (hb-1-9-6-7) is factually wrong; Herbal Supplements hb-1-9-6-5 has only Flower Essence and Kratom leaves.,Personal Care (hb-3 or a leaf under it). Applied 2026-09-30.
8759949263019,VeDO USB Charger B Compatible with Izzy Roq Roco Yumi Models,Accessory,VeDO,34,https://admin.shopify.com/store/xdipx/products/8759949263019,"Replacement USB charging cable for VeDO toys. It is not itself a sex toy, and no Shopify leaf fits a toy charger cable (closest are Electronics > Power Adapters & Chargers leaves for laptops, cars, walls). Do not write ma-1-4 by default.",Leave as is.
8759931404459,Body & Toy Foaming Cleaner Antibacterial Formula,Discontinued,SexToy,661,https://admin.shopify.com/store/xdipx/products/8759931404459,Toy cleaner has no matching taxonomy leaf; ma-1-4 is a guess for a cleaning product and conflicts with the batch 022 checker verdict for pjur Toy Clean (sent to review).,Personal Care (hb-3 or a leaf under it). Applied 2026-09-30.
8759930618027,Clean AF Tea Tree Sex Toy Cleaning Spray 2oz,Toy Cleaner,Little Genie,45,https://admin.shopify.com/store/xdipx/products/8759930618027,Toy cleaner has no matching taxonomy leaf; ma-1-4 is a guess for a cleaning product and conflicts with the batch 022 checker verdict for pjur Toy Clean (sent to review).,Personal Care (hb-3 or a leaf under it). Applied 2026-09-30.
8759924850859,Lavandula Natural Foaming Intimate Toy Cleaner 3.4oz,Toy Cleaner,Intimate Earth,154,https://admin.shopify.com/store/xdipx/products/8759924850859,Sex toy cleaner has no matching taxonomy leaf; All-Purpose Cleaners (household surfaces) is not what this product is.,Personal Care (hb-3 or a leaf under it). Applied 2026-09-30.
8759921606827,ID Antibacterial Toy Cleaner Mist 1oz,Toy Cleaner,ID Lubricants,27,https://admin.shopify.com/store/xdipx/products/8759921606827,Toy cleaner spray has no fitting taxonomy leaf; ma-1-4 misdescribes a cleaning product,Personal Care (hb-3 or a leaf under it). Applied 2026-09-30.
8759921213611,Shine Organic Intimate Toy Cleaner 8.5oz,Toy Cleaner,Sliquid,66,https://admin.shopify.com/store/xdipx/products/8759921213611,Toy cleaner spray has no fitting taxonomy leaf; ma-1-4 misdescribes a cleaning product,Personal Care (hb-3 or a leaf under it). Applied 2026-09-30.
8759920197803,Before & After Antibacterial Toy Cleaner Spray 8.5oz,Toy Cleaner,Classic Brands,34,https://admin.shopify.com/store/xdipx/products/8759920197803,"Sex toy cleaner spray is not a sex toy, so ma-1-4 misdescribes it; taxonomy has no toy-cleaner leaf and existing hb-3 is a broad parent.",Personal Care (hb-3 or a leaf under it). Applied 2026-09-30.
8759918854315,Good Clean Fun Toy Cleaner Spray Lavender 4oz,Toy Cleaner,Little Genie,143,https://admin.shopify.com/store/xdipx/products/8759918854315,"Sex toy cleaner spray is not a sex toy, so ma-1-4 misdescribes it; taxonomy has no toy-cleaner leaf and existing hb-3 is a broad parent.",Personal Care (hb-3 or a leaf under it). Applied 2026-09-30.
8759917740203,Think Clean Thoughts Anti-Bacterial Toy Cleaner 4.2oz,Toy Cleaner,Sensuva,132,https://admin.shopify.com/store/xdipx/products/8759917740203,"No toy-cleaner leaf exists in the taxonomy; Antiseptic Gels & Sprays is a first-aid category for skin, not a cleaner for objects, and batch 022 sent a toy cleaner to review for the same reason.",Personal Care (hb-3 or a leaf under it). Applied 2026-09-30.
8759902797995,Foaming Toy Cleaner with Tea Tree Oil and Lavender 6oz,Toy Cleaner,Intimate Earth,225,https://admin.shopify.com/store/xdipx/products/8759902797995,Toy cleaner has no fitting taxonomy leaf; ma-1-4 (sex toys) is a guess for a cleaning product and conflicts with the earlier batch verdict for toy cleaners.,Personal Care (hb-3 or a leaf under it). Applied 2026-09-30.
8759902109867,Mist Fragrance-Free Toy Cleaner 6.8oz,Toy Cleaner,La Nua,105,https://admin.shopify.com/store/xdipx/products/8759902109867,Toy cleaner has no fitting taxonomy leaf; ma-1-4 (sex toys) is a guess for a cleaning product and conflicts with the earlier batch verdict for toy cleaners.,Personal Care (hb-3 or a leaf under it). Applied 2026-09-30.
8730345701547,Prowler RED Toppers The Stand Enhancer,Desensitizer,Prowler RED,374,https://admin.shopify.com/store/xdipx/products/8730345701547,"Cannot tell what this Prowler RED Toppers item physically is: productType says Desensitizer, specs say ""enhancer""/""topper""/""body-safe adhesive"", and the AI-written description is vague and contradictory (slip-on vs. stand vs. leakproof). Likely an aroma-bottle cap/stand accessory rather than a sex toy.",Stay uncategorized.
8730345341099,Prowler RED Toppers The Single Enhancer,Desensitizer,Prowler RED,471,https://admin.shopify.com/store/xdipx/products/8730345341099,"Cannot tell what this Prowler RED Toppers item physically is: productType says Desensitizer, specs say ""enhancer""/""topper""/""body-safe adhesive"", and the AI-written description is vague and contradictory (slip-on vs. stand vs. leakproof). Likely an aroma-bottle cap/stand accessory rather than a sex toy.",Stay uncategorized.
8730345144491,Prowler RED Toppers The Kit Enhancer,Desensitizer,Prowler RED,261,https://admin.shopify.com/store/xdipx/products/8730345144491,"Cannot tell what this Prowler RED Toppers item physically is: productType says Desensitizer, specs say ""enhancer""/""topper""/""body-safe adhesive"", and the AI-written description is vague and contradictory (slip-on vs. stand vs. leakproof). Likely an aroma-bottle cap/stand accessory rather than a sex toy.",Stay uncategorized.
8730344849579,Leakproof Prowler RED Toppers The Leakproof Double Red Enhancer,Desensitizer,Prowler RED,1586,https://admin.shopify.com/store/xdipx/products/8730344849579,"Cannot tell what this Prowler RED Toppers item physically is: productType says Desensitizer, specs say ""enhancer""/""topper""/""body-safe adhesive"", and the AI-written description is vague and contradictory (slip-on vs. stand vs. leakproof). Likely an aroma-bottle cap/stand accessory rather than a sex toy.",Stay uncategorized.
8730344587435,Prowler RED Toppers The Double Enhancer,Desensitizer,Prowler RED,1450,https://admin.shopify.com/store/xdipx/products/8730344587435,"Cannot tell what this Prowler RED Toppers item physically is: productType says Desensitizer, specs say ""enhancer""/""topper""/""body-safe adhesive"", and the AI-written description is vague and contradictory (slip-on vs. stand vs. leakproof). Likely an aroma-bottle cap/stand accessory rather than a sex toy.",Stay uncategorized.
8723860521131,Natural Tantus Toy Cleaner 4 oz,Discontinued,Tantus,451,https://admin.shopify.com/store/xdipx/products/8723860521131,"Toy cleaner: no correct taxonomy leaf; All-Purpose Cleaners is a household cleaning category, not what a toy cleaner is.",Personal Care (hb-3 or a leaf under it). Applied 2026-09-30.
8723859570859,Natural Lavandula Toy Cleaner Spray 4.2 oz,Toy Cleaner,Intimate Earth,55,https://admin.shopify.com/store/xdipx/products/8723859570859,"Toy cleaner: no correct taxonomy leaf; All-Purpose Cleaners is a household cleaning category, not what a toy cleaner is.",Personal Care (hb-3 or a leaf under it). Applied 2026-09-30.
8723855212715,Herbal Gold 14K Bottled Enhancer Capsules 6ct,Supplement / Pill,Rhino,0,https://admin.shopify.com/store/xdipx/products/8723855212715,Herbal male-enhancement capsule blend with no vitamins; Multivitamin Supplements is not what this is.,Personal Care (hb-3 or a leaf under it). Applied 2026-09-30.
8723854917803,Blue Special Edition 6K Bottled Enhancer 6ct,Supplement / Pill,Rhino,0,https://admin.shopify.com/store/xdipx/products/8723854917803,Herbal male-enhancement capsule blend with no vitamins; Multivitamin Supplements is not what this is.,Personal Care (hb-3 or a leaf under it). Applied 2026-09-30.
8707224076459,Foaming JO Refresh Toy Cleaner 7oz,Toy Cleaner,System JO,78,https://admin.shopify.com/store/xdipx/products/8707224076459,"Sex toy cleaner has no fitting taxonomy leaf; ma-1-4 is a toy category, not a cleaner. Consistent with other toy cleaners in this sweep.",Personal Care (hb-3 or a leaf under it). Applied 2026-09-30.
